<root><item name="mm_session" value="{}~|~1534894381288" ltime="3558647424" htime="30612181" /><item name="fmPricing" value="{&quot;first-column-lowest&quot;:0,&quot;second-column-lowest&quot;:2716,&quot;third-column-lowest&quot;:6383}~|~32503698000000" ltime="2055777424" htime="30612181" /><item name="loginStatus" value="{&quot;MPS&quot;:&quot;LS0=&quot;,&quot;MPN&quot;:&quot;LS0=&quot;,&quot;CID&quot;:&quot;LS0=&quot;}~|~1755819185000" ltime="3597497424" htime="30612181" /><item name="remarket decision" value="test~|~1518910139000" ltime="1140027424" htime="30612181" /><item name="ua_247.CID" value="874661931503358140357~|~1550791983590" ltime="3581677424" htime="30612181" /><item name="ua_247.UAsession" value="3cbf1318-debb-4804-972d-e317505f9d22~|~1503530940357" ltime="1149347424" htime="30612181" /><item name="mm_pc" value="{&quot;LoggedIn&quot;:&quot;no&quot;,&quot;MPStatus&quot;:&quot;--&quot;}~|~1534894385172" ltime="3597497424" htime="30612181" /><item name="mmCampExp" value="{&quot;start&quot;:&quot;08-21-2017-19:29&quot;,&quot;campaigns&quot;:{}}~|~1503360182346" ltime="3569237424" htime="30612181" /><item name="HomePageInteractions" value="MP|0|0,Trav|1|1,FltStat|0|0,MyTrips|0|0,CkIn|0|0~|~1503360564244" ltime="1388177424" htime="30612181" /><item name="rctSrch" value="[{&quot;o&quot;:&quot;ORD&quot;,&quot;fd&quot;:false,&quot;d&quot;:&quot;CPH&quot;,&quot;dd&quot;:&quot;2017-08-23&quot;,&quot;b&quot;:false,&quot;s&quot;:&quot;2017-08-21&quot;,&quot;tt&quot;:&quot;Revenue&quot;,&quot;tm&quot;:&quot;Leisure&quot;,&quot;rd&quot;:&quot;--&quot;,&quot;lp&quot;:2716}]~|~1503962986610" ltime="1611867424" htime="30612181" /><item name="legData" value="{&quot;flights&quot;:{&quot;1&quot;:{&quot;price&quot;:6463,&quot;orig&quot;:&quot;ORD&quot;,&quot;dest&quot;:&quot;CPH&quot;,&quot;departure-date&quot;:&quot;2017-08-23&quot;,&quot;flight-number&quot;:&quot;228&quot;,&quot;fare-class&quot;:&quot;--&quot;,&quot;first-column-lowest&quot;:0,&quot;second-column-lowest&quot;:2716,&quot;third-column-lowest&quot;:6383}},&quot;trip-type&quot;:&quot;OW&quot;,&quot;trip-cost&quot;:6463,&quot;total-legs&quot;:1,&quot;passenger-count&quot;:1,&quot;days-to-departure&quot;:1,&quot;length-of-stay&quot;:1,&quot;trip-class&quot;:&quot;Leisure&quot;}~|~32503698000000" ltime="2055787424" htime="30612181" /><item name="ua_247.traveler" value="{&quot;names&quot;:&quot;Q2FybGEgU2FuZnJhbmNpc2NvIA==&quot;,&quot;phones&quot;:&quot;TkE=&quot;,&quot;emails&quot;:&quot;&quot;,&quot;frequentFlyerNumber&quot;:&quot;TkE=&quot;}~|~1503531103251" ltime="2778217424" htime="30612181" /><item name="io_temp" value="NQJSrHR059SFf2Y2EQEKMgbz12Q06Z6yvmWXZ8h7KWg=" ltime="3569617424" htime="30612181" /></root>