<root><item name="_cb" value="Be_g9hDCx2-rD3fnsm" ltime="1415970672" htime="30612393" /><item name="_cb_expires" value="1537577220317" ltime="1415970672" htime="30612393" /><item name="_chartbeat2" value=".1503356805567.1503449220314.11.D28dpmC-IeZsCrD53zB4mbVDhydRm" ltime="1416020672" htime="30612393" /><item name="_chartbeat2_expires" value="1537577220321" ltime="1416020672" htime="30612393" /><item name="outbrain-msn-cors-error" value="true" ltime="1427790672" htime="30612393" /><item name="outbrain-msn-last-error" value="1503449221030" ltime="1427790672" htime="30612393" /><item name="_cb_svref" value="null" ltime="1416120672" htime="30612393" /><item name="_cb_svref_expires" value="1503451020333" ltime="1416120672" htime="30612393" /><item name="msn-msn-home:session-data" value="v2_b57167f21f1a89149b4ed776f9dbb225_b634c19c-2f6e-4af1-9b9b-d42e80404554-tuct97a72e_1503535534_1503535534_CIi3jgYQy9c-GMWWuuTgKyABKAEw4QE" ltime="1466610672" htime="30612393" /><item name="taboola global:local-storage-keys" value="[&quot;msn-msn-home:session-data&quot;,&quot;taboola global:user-id&quot;]" ltime="1435740672" htime="30612393" /><item name="taboola global:user-id" value="b634c19c-2f6e-4af1-9b9b-d42e80404554-tuct97a72e" ltime="1466630672" htime="30612393" /><item name="_chartbeat4" value="t=N4vqIB99ENvpb3APDt3K_BDsVYvm&amp;E=3&amp;EE=3&amp;x=0&amp;c=0.33&amp;y=5916&amp;w=657" ltime="1613900672" htime="30612393" /><item name="_chartbeat4_expires" value="1503449300116" ltime="1613900672" htime="30612393" /></root>